"","","Summ","","192,975 Ä ","Summ","192,975 Ä ",""
"–ú–µ—Ç–∫–∞","–î–∞—Ç–∞","–ö—É—Ä—Å","–°—É–º–º–∞","–ü–æ—Å—Ç–∞–≤—â–∏–∫","–ù–∞–∏–º–µ–Ω–æ–≤–∞–Ω–∏–µ","–ö–æ–ª–∏—á–µ—Å—Ç–≤–æ","–£—Ç–æ—á–Ω–µ–Ω–∏–µ"
"0","5/18/2015","23.0","6 Ä ","–°–∞—à–∞","–≤—ã–≤–æ–∑ –º—É—Å–æ—Ä–∞","",""
"0","5/19/2015","23.0","4 Ä ","–ê–ª–µ–∫—Å–µ–π","—à–ø–∞—Ç–ª–µ–≤–∫–∞","3—à—Ç*15",""
"","","","","","–∫—Ä–∞—Å–∫–∞ –±–µ–ª–∞—è F9","1*562, 2*4",""
"0","5/19/2015","23.0","15 Ä ","–°–µ—Ä–≥–µ–π","–Ω–∞–≤–µ—Å –∑–∞ —Ä–∞–º–∫—É –≤–æ—Ä–æ—Ç, –∫–æ–Ω–¥–∏—Ü–∏–æ–Ω–µ—Ä","",""
"0","5/20/2015","23.0","4 Ä ","–°–∞—à–∞","–≥–∏–ø—Å, —à–ø–∞—Ç–ª–µ–≤–∫–∞","",""
"0","5/20/2015","23.0","155 Ä ","–í–∏—Ç–∞–ª–∏–π, –ê–ª–µ–∫—Å–µ–π","–º–æ–Ω—Ç–∞–∂ –∫–æ–Ω–¥–∏—Ü–∏–æ–Ω–µ—Ä–∞","",""
"0","5/20/2015","23.0","4 Ä ","–°–µ—Ä–≥–µ–π","–Ω–∞–≤–µ—Å —Ç—Ä—É–±–∞","Jan-16","—Ä–∞–±–æ—Ç–∞"
"0","5/22/2015","23.0","2 Ä ","","–æ–ø–ª–∞—Ç–∞ –∏–Ω—Ç–µ—Ä–Ω–µ—Ç–∞","–∑–∞ 2 –º–µ—Å",""
"0","5/25/2015","23.0","45 Ä ","–ê–ª–µ–∫—Å–µ–π","–º–µ–ª–æ—á—å","–ø–æ —á–µ–∫—É",""
"1","5/25/2015","23.0","2 Ä ","–ê–ª–µ–∫—Å–µ–π","—Ñ–ª–∏–∑–µ–ª–∏–Ω","2 —Ä—É–ª. (17)",""
"1","","","","","–∫–ª–µ–π (–ª–µ–Ω—Ç–∞)","6 —É–ø (6)",""
"1","5/20/2015","23.0","45 Ä ","","–û–°B","3–º2*15 (9–º2)",""
"1","5/25/2015","22.0","22 Ä ","–ê–Ω–¥—Ä–µ–π","–ê–í–ê–ù–° 1","","–∏–∑ 17 $"
"1","5/27/2015","22.0","95 Ä ","","–ê–í–ê–ù–°","","–ø–ª–∏—Ç–∫–∞"
"1","5/27/2015","22.0","28 Ä ","","–©–µ–±–µ–Ω—å","1—Ç",""
"0","5/27/2015","22.0","434 Ä ","–ï–≤–≥–µ–Ω–∏–π","–î–æ–∫—É–º–µ–Ω—Ç—ã",""," 2 –∏–∑ 5$"
"0","5/28/2015","22.0","8 Ä ","–ò–≥–æ—Ä—å","–ê–í–ê–ù–°","","–ø–ª–∏—Ç–∫–∞"
"0","5/28/2015","22.0","824 Ä ","","—Ä–∞—Å—á–µ—Ç –ê–ö–¢-‚Ññ8",""," –º–∏–Ω—É—Å –ê–í–ê–ù–°—ã"
"0","5/28/2015","22.0","35 Ä ","","–ì—Ä–∞–Ω–∏—Ç–∫–∞","2 —à—Ç—É–∫",""
"1","5/28/2015","22.0","35 Ä ","","–∫–æ–ª–æ—Ä–æ–≤–∫–∞ –∫–∞—à–∏","1 –≤–µ–¥–µ—Ä",""
"1","5/28/2015","22.0","45 Ä ","","–ø–ª–∏—Ç–∫–∞ 2 —ç—Ç –¥–ª—è —Å–∞–Ω—É–∑–ª–∞","","–¥–æ–∫—É–ø–∫–∞"
"1","5/29/2015","22.0","288 Ä ","–ê–Ω–¥—Ä–µ–π","–ê–í–ê–ù–° –≤–æ—Ä–æ—Ç–∞","14","–∏–∑ 17"
"1","5/29/2015","22.0","5 Ä ","","–ê–í–ê–ù–° –∑–∞ –∫–∞—Ñ–µ–ª—å —Å–∞–Ω—É–∑–µ–ª","","2 —ç—Ç –±–æ–ª—å—à–∞—è"
"0","5/29/2015","22.0","17 Ä ","","—Ä–∞—Å—á–µ—Ç –∑–∞ –±–∞—Ä–±–µ–∫—é","",""
"0","6/3/2015","22.0","115 Ä ","","—Å–≤–µ—Ç–∏–ª—å–Ω–∏–∫–∏ —É–ª–∏—á–Ω—ã–µ","1\\115",""
"0","6/3/2015","22.0","9 Ä ","","–ª–∞–º–ø–æ—á–∫–∏ —É–ª–∏—á–Ω—ã–µ","12\\75",""
"1","6/5/2015","22.0","56 Ä ","–°–∞—à–∞","—Ü–µ–º–µ–Ω—Ç","2 —à—Ç","–î–æ—Å—Ç–∞–≤–∫–∞"
"1","","","","","–º–µ–≤–µ–ª–∏–Ω, –£–î, —à—É—Ä—É–ø—ã","",""
"0","6/8/2015","22.0","48 Ä ","","—Å–∞–º–æ–≤—ã—Ä–∞–≤–Ω–∏–≤–Ω–∏–≤–∞—é—â–∏–π—Å—è –º–µ–≤–µ–ª–∏–Ω","","–¥–æ—Å—Ç–∞–≤–∫–∞"
"0","6/8/2015","22.0","48 Ä ","","–ö–æ–≤—Ä–æ–ª–∏–Ω","15 –º2 * 32",""
"0","6/8/2015","22.0","85 Ä ","","–∫–ª–µ–π –¥–ª—è —Ç–µ–ø–ª—ã—Ö –ø–æ–ª–æ–≤","54*152","–¥–æ—Å—Ç–∞–≤–∫–∞"
"0","6/8/2015","22.0","28 Ä ","","—Ä–∞–±–æ—Ç—ã –ø–æ —Ä–æ–≤–Ω–æ–º—É –ø–æ–ª—É","7 –º2* 4",""
"0","6/8/2015","22.0","14 Ä ","","–¶–µ–º–µ–Ω—Ç","","–î–æ—Å—Ç–∞–≤–∫–∞"
"0","6/9/2015","22.0","35 Ä ","","—É—Ä–æ–≤–µ–Ω—å","",""
"0","6/10/2015","22.0","13 Ä ","–Ø, –≠–ø–∏—Ü–µ–Ω—Ç—Ä","–ø–µ–Ω–∞, –¥—é–±–µ–ª—è","1*45",""
"0","","","","","—Ñ–∞—Å–∞–¥","",""
"0","6/11/2015","22.0","431 Ä ","","2 –¥—É—à–∞, –¥–≤–µ—Ä–∫–∏","2 —à—Ç",""
"1","","","","","–í–∞–Ω–Ω–∞","",""
"1","6/11/2015","22.0","135 Ä ","","–º–∞–ª—è—Ä–∫–∞, ","",""
"1","","","","","—Ä–∞–±–æ—Ç—ã –ø–æ —Å—Ç—É–ø–µ–Ω—å–∫–∞–º —Ç–µ—Ä—Ä–∞—Å—ã","",""
"0","6/12/2015","22.0","75 Ä ","–°–∞—à–∞","–≤—ã–≤–æ–∑ –º—É—Å–æ—Ä–∞","",""
"0","6/14/2015","22.0","2 Ä ","–ê–ª–µ–∫—Å–µ–π","—Ç–æ–ø–ª–∏–≤–æ","",""
"0","6/15/2015","22.0","6 Ä ","–°–∞—à–∞","","",""
"1","6/16/2015","22.0","51 Ä ","–ê–ª–µ–∫—Å–µ–π","–§–ï–ù","2*2—Ç, 1*1—Ç","–î–æ—Å—Ç–∞–≤–∫–∞"
"1","6/16/2015","22.0","2 Ä ","–ê–ª–µ–∫—Å–µ–π","–∫—Ä–∞—Å–∫–∞ –¥–ª—è —â–∏—Ç–æ–≤ –Ω–∞–≤–µ—Å–∞","",""
"1","6/18/2015","22.0","4 Ä ","","–≤–∞–Ω–Ω–∞—è","","–¥–æ—Å—Ç–∞–≤–∫–∞"
"1","6/20/2015","22.0","3 Ä ","–ê–ª–µ–∫—Å–µ–π","–¥—é–±–µ–ª—è, —Å–∞–º–æ—Ä–µ–∑—ã","",""
"0","6/22/2015","22.0","85 Ä ","–°–∞—à–∞","–º—É—Å–æ—Ä","",""
"0","6/22/2015","22.0","25 Ä ","–°–µ—Ä–≥–µ–π","–ê–í–ê–ù–° –§–∞—Å–∞–¥","",""
"1","6/23/2015","22.0","117 Ä ","–ê–ª–µ–∫—Å–µ–π","–≥—Ä–∞–Ω–∏—Ç–∫–∞","","–¥–æ—Å—Ç–∞–≤–∫–∞"
"1","6/23/2015","22.0","245 Ä ","","–†–∞—Å—á–µ—Ç –∑–∞ –ø–ª–∏—Ç–∫—É —Å–∞–Ω—É–∑–µ–ª","","2 —ç—Ç –±–æ–ª—å—à–∞—è"
"0","6/23/2015","22.0","44 Ä ","–ï–≤–≥–µ–Ω–∏–π","–¥–æ–∫—É–º–µ–Ω—Ç—ã",""," 4 –∏–∑ 5$"
"0","6/24/2015","22.0","9 Ä ","–°–∞—à–∞","–ø–µ–Ω–æ–ø–ª–∞—Å—Ç, —É–≥–æ–ª–∫–∏","",""
"1","6/26/2015","22.0","25 Ä ","–°–∞—à–∞","–Ω–∞–∫—Ä—ã–ª–∫–∏ –Ω–∞ —Ñ–∞—Å–∞–¥, –∑–∞–±–æ—Ä","",""
"1","6/27/2015","22.0","5 Ä ","–í–∏—Ç–∞–ª–∏–∫","–ê–í–ê–ù–° —Ñ–∞—Å–∞–¥","",""
"1","6/27/2015","22.0","95 Ä ","–Ø, –ê–ª–µ–∫—Å–µ–π, –≠–ø–∏—Ü–µ–Ω—Ç—Ä","—Ñ–∏–Ω–∏—à, —Å–µ—Ç–∫–∞","",""
"0","6/29/2015","22.0","4 Ä ","","–¥–æ—Å—Ç–∞–≤–∫–∞, —Ä–∞–∑–≥—Ä—É–∑–∫–∞ –∫–æ–≤—Ä–æ–ª–∏–Ω–∞","",""
"0","6/29/2015","22.0","8 Ä ","–ö–æ–ª–µ","–∑–∞ —ç–ª–µ–∫—Ç—Ä–æ—ç–Ω–µ—Ä–≥–∏—é","",""
"0","6/30/2015","22.0","75 Ä ","–Ø, –≠–ø–∏—Ü–µ–Ω—Ç—Ä","—É–≥–æ–ª–∫–∏, —Ä–æ–ª–∏–∫–∏","",""
"0","6/30/2015","22.0","85 Ä ","–°–∞—à–∞","—É–≥–æ–ª–∫–∏","",""
"0","6/30/2015","22.0","131 Ä ","","–ê–∫—Ä–∏–ª","","–î–æ—Å—Ç–∞–≤–∫–∞"
"0","7/1/2015","22.0","1 Ä ","","–°–≤–µ—Ä–ª–∞","",""
"0","","","","","–∫–æ—Ä–æ—á–∫–∏ –ø–æ –∫–∞—Ñ–µ–ª—é","",""
"0","7/1/2015","22.0","1 Ä ","","—Ä–∞–∑–≥—Ä—É–∑–∫–∞ –∞–∫—Ä–∏–ª–∞, —Å–≤–µ—Ä–ª–æ","",""
"0","7/3/2015","22.0","22 Ä ","–°–∞—à–∞","–Ω–∞–∫—Ä—ã–ª–∫–∏ –Ω–∞ –Ω–∞–≤–µ—Å","","–î–æ—Å—Ç–∞–≤–∫–∞"
"0","7/3/2015","22.0","7 Ä ","","–ê–í–ê–ù–° –ø–ª–∏—Ç–∫–∞","","–ø—Ä–µ–º–∏—è"
"0","7/3/2015","22.0","2 Ä ","–ê–ª–µ–∫—Å–µ–π","—É–≥–æ–ª–∫–∏,  —Å–µ—Ç–∫–∞ —à—Ç—É–∫–∞—Ç—É—Ä–Ω–∞—è","–ø–æ —á–µ–∫–∞–º",""
"1","7/3/2015","22.0","25 Ä ","–Ø, –≠–ø–∏—Ü–µ–Ω—Ç—Ä","–∫—Ä–∞—Å–∫–∞, —É–≥–æ–ª–∫–∏, –∞–∫—Ä–∏–ª, –∑–∞–º–∞–∑–∫–∞","",""
"1","7/3/2015","22.0","25 Ä ","","–ê–í–ê–ù–° —Ñ–∞—Å–∞–¥","",""
"1","7/4/2015","22.0","125 Ä ","–Ø—ç–ø–∏—Ü","–∑–∞—Ç–∏—Ä–∫–∞, —Å—Ç—Ä–µ–π—á, –º–∞–ª—è—Ä–∫–∞","",""
"1","7/6/2015","22.0","8 Ä ","–Ø, –≠–ø–∏—Ü–µ–Ω—Ç—Ä","—Å–µ–ª–∏–∫–æ–Ω, —à—É—Ä—É–ø—ã, –º–∞–ª—è—Ä–∫–∞","",""
"1","7/8/2015","22.0","18 Ä ","–ê–ª–µ–∫—Å–µ–π","–≥—Ä—É–Ω—Ç –¥–ª—è –ø–æ–ª–∞, –∫–æ–ª–æ—Ä, –∫—Ä–µ–ø–µ–∂","–ø–æ —á–µ–∫–∞–º",""
"1","7/10/2015","22.0","3 Ä ","–°–∞—à–∞","–æ—Ç–ª–∏–≤—ã","",""
"0","7/10/2015","22.0","1,175 Ä ","–í–∞–ª–µ—Ä–∞","–º–µ–±–µ–ª—å","5—Ñ $ –∏–∑ 15—Ñ $",""
"0","7/10/2015","22.0","83 Ä ","","—Ä–∞—Å—á–µ—Ç –∑–∞ –≤–æ—Ä–æ—Ç–∞","342$",""
"0","7/11/2015","22.0","63 Ä ","","—Ä–∞—Å—á–µ—Ç –∑–∞ —Å–∞–Ω—É–∑–µ–ª –ø–ª–∏—Ç–∫–∞",""," 2 —ç—Ç —Ö–æ–∑"
"0","","","","","–∑–∞—Ç–∏—Ä–∫–∞","",""
"0","7/12/2015","22.0","17 Ä ","–°–∞—à–∞","–º—É—Å–æ—Ä","2 —Ö–æ–¥–∫–∏","–∑–∞–≥—Ä—É–∑–∫–∞"
"1","7/13/2015","22.0","319 Ä ","–ê–ª–µ–∫—Å–µ–π","–ê–∫—Ç ‚Ññ   –ø–æ –ø–æ—Ç–æ–ª–∫–∞–º –∏ —Å—Ç–µ–Ω–∞–º","",""
"1","7/14/2015","22.0","6 Ä ","","–ú–µ—à–∫–∏ –¥–ª–æ—è –º—É—Å–æ—Ä–∞, ","",""
"1","","","","","—Ç—Ä—É–±—ã –ø–æ–¥ –∫–∞–±–µ–ª—å","",""
"1","7/15/2015","22.0","27 Ä ","","—Ü–µ–º–µ–Ω—Ç –¥–ª—è –§–≠–ú–ê","1,5 —Ç","–¥–æ—Å—Ç–∞–≤–∫–∞"
"1","","","","","–æ—á–∫–∏","",""
"0","7/15/2015","22.0","1 Ä ","–ñ–µ–Ω—è, –ò—Ä–∞","–Ω–∞ –ö–¢–ü","",""
"1","7/16/2015","22.0","65 Ä ","–Ø","–°–≤–µ—Ç–∏–ª—å–Ω–∏–∫–∏, —Ä–æ–∑–µ—Ç–∫–∏, –≤—ã–∫–ª—é—á–∞—Ç–µ–ª–∏","",""
"0","7/16/2015","22.0","168 Ä ","–ü–µ—Ç—è","–ê–í–ê–ù–° –∑–∞ –¥–≤–µ—Ä—å","7$",""
"0","","","","","–±–∞—Ä–±–µ–∫—é","",""
"0","7/17/2015","22.0","72 Ä ","","–º—É—Å–æ—Ä, ","4 –∫–∞–º–∞–∑",""
"0","","","","","—Ç—Ä–∞–∫—Ç–æ—Ä","44 (29)",""
"0","7/17/2015","22.0","81 Ä ","","–©–µ–±–µ–Ω—å","13—Ç 4/7","27"
"0","","","","","","2 –º–∞—à 7/4","27"
"0","7/17/2015","22.0","1 Ä ","–ê–ª–µ–∫—Å–µ–π","–∫—Ä—É–≥–∏ –ø–æ –º–µ—Ç–∞–ª–ª—É","4 —à—Ç",""
"1","7/17/2015","22.0","23 Ä ","–ê–ª–µ–∫—Å–µ–π","–≥—Ä–∞–Ω–æ—Ç—Å–µ–≤","1 –∫–∞–º–∞–∑",""
"0","","","","","–∫—Ä—É–≥–∏","",""
"1","7/19/2015","22.0","36 Ä ","–°–ª–∞–≤–∏–∫","—Å—Ç–µ–Ω–∞ –ê–í–ê–ù–°","15$",""
"0","7/20/2015","22.0","42 Ä ","","–ì—Ä—É–Ω—Ç –¥–ª—è –≥–∞–∑–æ–Ω–∞","2 –∫–∞–º–∞–∑–∞ *6",""
"1","7/20/2015","22.0","4 Ä ","–°—Ç–µ–ø–∞","–ê–í–ê–ù–° –§–≠–ú","",""
"0","7/20/2015","22.0","12 Ä ","","–Ω–∞ —Ä–∞—Å—Ö–æ–¥–Ω–∏–∫–∏ –¥–ª—è —Ñ—ç–º–∞","",""
"1","7/24/2015","22.0","47 Ä ","","–¥–≤–µ—Ä—å –±–∞—Ä–±–µ–∫—é","—Ä–∞—Å—Å—á–µ—Ç 2 $",""
"0","7/24/2015","22.0","18 Ä ","","–∑–∏–ª —â–µ–±–Ω—è","6 —Ç",""
"1","7/24/2015","22.0","18 Ä ","–°—Ç–µ–ø–∞","–≥—Ä–∞–Ω–æ—Ç—Å–µ–≤","",""
"1","7/24/2015","22.0","5 Ä ","–ê–ª–µ–∫—Å–µ–π","—Ç–æ–ø–ª–∏–≤–æ","","–∑–∞ 16,7"
"0","7/24/2015","22.0","15 Ä ","","–≥—Ä—É–Ω—Ç–æ–≤–∫–∞, –≤–µ–¥—Ä–æ –∫—Ä–∞—Å–∫–∏ –Ω–∞ –∑–∞–±–æ—Ä","",""
"0","7/26/2015","22.0","28 Ä ","","–ø–ª–∏—Ç–∫–æ—Ä–µ–∑, –±–æ–ª–≥–∞—Ä–∫–∞, ","",""
"0","","","","","–∫—Ä—É–≥–∏ 3 –º–º, —Ä–µ–º–Ω–∏","",""
"0","7/27/2015","22.0","82 Ä ","","–∫–ª–µ–π –Ω–∞ —Ç–µ–ø–ª—ã–π –ø–æ–ª","",""
"0","7/28/2015","22.0","145 Ä ","","–∑–∞—Ç–∏—Ä–∫–∞ –¥–ª—è –ø–æ–ª–∞, –º–∞–ª—è—Ä–∫–∞, –∫–ª–µ–π","",""
"0","7/28/2015","22.0","115 Ä ","–°–ª–∞–≤–∏–∫","—ç–ª–µ–∫—Ç—Ä–∏–∫","5 $","–ø–æ –¥–æ–≥–æ–≤–æ—Ä—É"
"0","7/28/2015","22.0","7 Ä ","–ê–ª–µ–∫—Å–µ–π","–ø–æ —á–µ–∫–∞–º","",""
"0","7/30/2015","22.0","2 Ä ","","–ê–í–ê–ù–° –ø–ª–∏—Ç–∫–∞","","—Ä–∞–±–æ—Ç–∞"
"0","7/30/2015","22.0","25 Ä ","","–º–∞—à–∏–Ω–∞ —á–µ—Ä–Ω–æ–∑–µ–º–∞, –∑–∞–Ω–æ—Å","",""
"0","7/30/2015","22.0","18 Ä ","","–±–∞–Ω–∫ —è—á–µ–π–∫–∞","",""
"0","7/30/2015","22.0","32 Ä ","–ê–ª–µ–∫—Å–µ–π","—á–µ—Ç—ã—Ä–µ –≤–µ–¥—Ä–∞ –∫—Ä–∞—Å–∫–∏ –Ω–∞ –∑–∞–±–æ—Ä, –ø/–∫","",""
"0","7/30/2015","22.0","25 Ä ","","–º–∞—à–∏–Ω–∞ —á–µ—Ä–Ω–æ–∑–µ–º–∞, –∑–∞–Ω–æ—Å","–∫–∞–º–∞–∑ ",""
"0","7/30/2015","22.0","18 Ä ","","–æ—Ç—Å–µ–≤–∞ –ø–æ–¥ —Ñ—ç–º","–º–∞—à–∏–Ω–∞ ",""
"0","7/31/2015","22.0","81 Ä ","","–ì—Ä–∞–Ω–∏—Ç–∫–∞","1 —à—Ç",""
"0","7/31/2015","22.0","15 Ä ","","–∫–ª–µ–π –¥–ª—è —Ç–µ–ø–ª–æ–≥–æ –ø–æ–ª–∞","",""
"0","7/31/2015","22.0","3 Ä ","–°—Ç–µ–ø–∞","–ê–í–ê–ù–° –§–≠–ú","",""
"0","7/31/2015","22.0","8 Ä ","","–º—É—Å–æ—Ä",""," –≤—ã–≤–æ–∑"
"0","7/31/2015","22.0","13 Ä ","–Ø, –≠–ø–∏—Ü–µ–Ω—Ç—Ä","–∑–∞—Ç–∏—Ä–∫–∞, –º–∞–ª—è—Ä–∫–∞, –ø–ª–µ–Ω–∫–∞","",""
"0","8/1/2015","22.0","1 Ä ","–ê–ª–µ–∫—Å–µ–π","–∫–ª–µ–π, –≥—Ä—É–Ω—Ç","–ø–æ —á–µ–∫–∞–º",""
"1","8/3/2015","22.0","2 Ä ","–Ø, –≠–ø–∏—Ü–µ–Ω—Ç—Ä","–∑–∞–º–µ–Ω–∏—Ç–µ–ª—å, –∞–∫—Ä–∏–ª, —Ü–µ–º–µ–Ω—Ç,","","–î–æ—Å—Ç–∞–≤–∫–∞"
"1","","","","","–¥–ª—è —Ñ—ç–º–∞","",""
"1","8/4/2015","22.0","113 Ä ","–í–∞–ª–µ—Ä–∞","–º–µ–±–µ–ª—å","5$ –ø–æ –¥–æ–≥.","–∏–∑ 15—Ç $"
"0","8/4/2015","22.0","8 Ä ","–°–∞—à–∞","–∫—Ä–∞—Å–∫–∞ –∫–æ—Ä–∏—á–Ω–µ–≤–∞—è","",""
"0","8/4/2015","22.0","4 Ä ","–°–ª–∞–≤–∏–∫","–¥–µ–∫–æ—Ä —Å—Ç–µ–Ω—ã  –ê–í–ê–ù–°","",""
"0","8/4/2015","22.0","4 Ä ","–Ø, –≠–ø–∏—Ü–µ–Ω—Ç—Ä","—Ç—Ä—É–±—ã –ø–æ–¥ –∫–∞–±–µ–ª—å","","–ø–æ–¥ –∑–∞–µ–∑–¥"
"0","8/5/2015","22.0","75 Ä ","–°–∞—à–∞","–≤—ã–≤–æ–∑ –º—É—Å–æ—Ä–∞","",""
"1","8/5/2015","22.0","18 Ä ","","–û—Ç—Å–µ–≤ - –≥—Ä–∞–Ω–æ—Ç—Å–µ–≤","1 –º–∞—à–∏–Ω–∞",""
"1","8/6/2015","22.0","151 Ä ","","–ø–ª–∏—Ç–æ—á–Ω—ã–µ —Ä–∞–±–æ—Ç—ã –ø–æ–ª–∞","","—Ä–∞—Å—Å—á–µ—Ç"
"1","8/7/2015","22.0","92 Ä ","–ê–ª–µ–∫—Å–µ–π","–ø–æ–∫—Ä–∞—Å–∫–∞, —à–ø–∞—Ç–ª–µ–≤–∫–∞","",""
"1","","","","","–≥—Ä—É–Ω—Ç–æ–≤–∫–∞ –∑–∞–±–æ—Ä–∞","",""
"0","8/7/2015","22.0","45 Ä ","","—Ä–∞—Å—Å—á–µ—Ç –∑–∞ –¥–µ–∫–æ—Ä","415 –º2 *19","7825 (56)"
"0","6/1/2016","22.0","","","–û—Ç–∫–æ—Å—ã","86 –º2 *6","516 (1)"
"0","8/8/2015","22.0","45 Ä ","","–æ—Ç–ª–∏–≤–Ω—ã–µ –∫–æ–ª–µ–Ω–∞","",""
"0","8/10/2015","22.0","1 Ä ","–û–ª–µ–≥","–∫–æ–≤—Ä–æ–ª–∏–Ω","11*45 (295)","1195"
"0","","","","","–∫–ª–µ–π","25",""
"0","6/1/2016","22.0","","","–æ—Å—Ç —Ä–µ–¥.","2",""
"1","","","","","–ü–ª–∏–Ω—Ç—É—Å","25",""
"1","8/10/2015","22.0","4 Ä ","–Ø, –≠–ø–∏—Ü–µ–Ω—Ç—Ä","–º–æ—é—â–µ–µ, –∑–∞—Ç–∏—Ä–∫–∞, –º–∞–ª—è—Ä–∫–∞","",""
"1","8/11/2015","22.0","5 Ä ","–ê–ª–µ–∫—Å–µ–π, –°–∞—à–∞","—Ñ–∞—Å–∞–¥—á–∏–∫–∏-–∫–ª—É–º–±—ã, –≤—ã–≤–æ–∑ –º—É—Å–æ—Ä–∞","",""
"1","8/11/2015","22.0","12 Ä ","","—Ä—É–ª–æ–Ω –ø–ª–µ–Ω–∫–∏ –¥–ª—è –ø–æ–ª–∞","",""
"0","8/12/2015","22.0","12 Ä ","","–≤—ã—Ä–∞–≤–Ω–∏–≤–∞–Ω–∏–µ –ª–µ—Å—Ç–Ω–∏—Ü—ã","",""
"0","8/14/2015","22.0","12 Ä ","–ö–æ–ª–µ","–Ø–º–∞ —É —ç—Å—Ç—Ä, –ª—é–∫","",""
"0","","","","","—Ä–∞–±–æ—Ç–∞ –≤–Ω—É—Ç—Ä–∏ —É—Ç–µ–ø–ª–∏—Ç–µ–ª—è","",""
"0","8/15/2015","22.0","26 Ä ","","–æ—Ç–ª–∏–≤—ã, —É–≥–æ–ª–∫–∏, –∂–µ—Å—Ç—è–Ω–∫–∞, —Ä–∞–±–æ—Ç—ã","–ø–æ —á–µ–∫—É",""
"1","8/15/2015","22.0","4 Ä ","","–¥–æ—Å—Ç–∞–≤–∫–∞ –æ—Ç–ª–∏–≤–æ–≤","",""
"1","8/17/2015","22.0","11 Ä ","–°–ª–∞–≤–∏–∫","—ç–ª–µ–∫—Ç—Ä–∏–∫, –º–∞—Ç–µ—Ä–∏–∞–ª—ã","",""
"1","","","","","—Ä–∞–±–æ—Ç–∞ –ø–æ –ö–æ–ª–µ","",""
"1","8/17/2015","22.0","4,125 Ä ","","—Ä–∞—Å—Å—á–µ—Ç—ã –ø–æ –§–≠–ú","","–º–∏–Ω—É—Å –ê–í–ê–ù–°—ã"
"0","8/17/2015","22.0","184 Ä ","–ï–≤–≥–µ–Ω–∏–π","–¥–æ–∫—É–º–µ–Ω—Ç—ã","8$","–∏–∑ 1 (5)"
"0","","","","","","","–æ—Å—Ç–∞—Ç–æ–∫ 2$"
"0","8/18/2015","22.0","14 Ä ","–°–∞—à–∞","—Ç—Ä–∞–≤–∞ –ü–µ—Ä–≤—ã–π —Ä–∞–∑  7, 7","",""
"1","8/18/2015","22.0","22 Ä ","","—á–µ—Ä–Ω–æ–∑–µ–º –¥–ª—è —Ç—Ä–∞–≤—ã","–ú–∞—à–∏–Ω–∞",""
"1","8/18/2015","22.0","2 Ä ","","–≥—Ä—É–∑–æ–≤—ã–µ  –¥–≤–µ—Ä–∏","","—Ç—Ä–∞–Ω—Å–ø–æ—Ä—Ç"
"1","8/19/2015","22.0","33 Ä ","","–∞–∫—Ä–∏–ª, —á–∞–π–Ω–∏–∫, –∫—É—Ä  3, 3","",""
"0","8/22/2015","22.0","225 Ä ","","—Å–∞–Ω—Ç–µ—Ö–Ω–∏–∫ –∑–∞ –ø—Ä–∏—è–º–∫–∏","193, 26","26, 6"
"0","8/22/2015","22.0","5 Ä ","–°–∞—à–∞","—Ç—Ä–∞–≤–∞","",""
"0","8/22/2015","22.0","6 Ä ","–û–ª–µ–≥","–¥–≤–µ—Ä–∏–ø–µ–Ω–∞","",""
"0","8/22/2015","22.0","","–Ø, –≠–ø–∏—Ü–µ–Ω—Ç—Ä","5, 1","",""
"0","8/24/2015","22.0","4 Ä ","–û–ª–µ–≥","–¥–≤–µ—Ä–∏","8—à—Ç *5",""
"0","8/25/2015","22.0","6 Ä ","","–°–∞–Ω—Ç–µ—Ö–Ω–∏–∫–∏ –ø—Ä–∏—è–º–∫–∏","2, 58",""
"0","8/25/2015","22.0","22 Ä ","","–∫–æ–≤—Ä–æ–ª–∏–Ω, –ø–ª–∏–Ω—Ç—É—Å–∞","","—Ä–∞—Å—Å—á–µ—Ç"
"0","8/26/2015","22.0","2 Ä ","–°–ª–∞–≤–∏–∫","—ç–ª–µ–∫—Ç—Ä–∏–∫, –¥–æ–ø.–æ–±–æ—Ä—É–¥","2",""
"0","","","","","—Ä. –ü—Ä","",""
"0","8/27/2015","22.0","2 Ä ","","–∫–∞–º–Ω–∏ –≤ –∫–ª—É–º–±—É","12 –º","–¥–æ—Å—Ç–∞–≤–∫–∞"
"0","8/28/2015","22.0","3 Ä ","","—â–µ–±–µ–Ω—å –∫—Ä–∞—Å–Ω—ã–π","–ú–∞–∑",""
"0","8/28/2015","22.0","3 Ä ","–ê–ª–µ–∫—Å–µ–π","–∫—Ä–∞—Å–∫–∞","–ø–æ —á–µ–∫–∞–º",""
"0","","","","","–º—É—Å–æ—Ä","2 —Ä–∞–∑–∞",""
"1","8/28/2015","22.0","15 Ä ","–ö–æ–ª—è","–≤–æ–¥–∞ –∑–∞ –≥–æ–¥","",""
"1","8/28/2015","22.0","3 Ä ","","–∫—Ä–∞–Ω—ã –Ω–∞ –¥–∞–≤–ª–µ–Ω–∏–µ","",""
"0","8/31/2015","22.0","75 Ä ","–°–∞—à–∞","–º—É—Å–æ—Ä","",""
"0","9/1/2015","22.0","1 Ä ","","–°–≤–µ—Ç–∏–ª—å–Ω–∏–∫–∏ —É–ª–∏—Ü–∞","4 —à—Ç ",""
"1","","","","","—Å–∞–Ω—É–∑–µ–ª, —Ç–µ–Ω","",""
"1","9/2/2015","22.0","75 Ä ","–ê—Å–ª–∞–Ω","–ª—é–∫","35","–ê—Å–ª–∞–Ω 2"
"0","","","","","—Å–∞–Ω—Ç–µ—Ö–Ω–∏–∫–∞","1",""
"0","9/2/2015","22.0","164 Ä ","","–ö—Ä–∞–Ω—ã","4—à—Ç",""
"1","","","","","—Ç–µ—Ä–º–æ–≥–æ–ª–æ–≤–∫–∏","4—à—Ç",""
"1","9/2/2015","22.0","17 Ä ","","–û—Ö—Ä–∞–Ω–∞","5, 12",""
"1","9/3/2015","22.0","426 Ä ","","–æ–∑–µ–ª–µ–Ω–µ–Ω–∏–µ","","—Ä–∞—Å—Å—á–µ—Ç"
"1","9/3/2015","22.0","5 Ä ","","–ê—Å—Ñ–∞–ª—å—Ç (36, 16, 4–∞)","5 –º2, 4/2","—Ç—Ä–∞—Ç—É–∞—Ä"
